colA;colB;colC;colD;colE;EbyA
6;3.2;0;mumu;non;1;0.3125
5;8.9;1;mama;oui;2;0.224719101123595
4;10.1;1;mimi;oui;10;0.99009900990099
